V1,Tot_RBC,Tot_PLT,Tot_FFP,cost_times_RBC,cost_times_PLT,cost_times_FFP,QALY_times_RBC,QALY_times_PLT,QALY_times_FFP,fever_times_RBC,fever_times_PLT,fever_times_FFP,GBS_times_RBC,GBS_times_PLT,GBS_times_FFP,CZS_times_RBC,CZS_times_PLT,CZS_times_FFP,n_recip,iter,cost_RBC_unit,cost_PLT_unit,cost_FFP_unit,QALYL_RBC_unit,QALYL_PLT_unit,QALYL_FFP_unit,cost_RBC_donation,cost_PLT_donation,cost_FFP_donation,QALYL_RBC_donation,QALYL_PLT_donation,QALYL_FFP_donation,cost_per_donation,QALYL_per_donation,NMC_per_donation
0,444825.3409,41062.51751,231006.3476,659745141,70391975.9,420896603.2,3416.85722,362.0306614,2180.521889,82035.26731,7525.468391,42457.08758,85.16879652,9.810367032,50.74246465,48.32924126,5.990031234,39.34830192,2e+05,0,1483.15547775484,1714.26352227082,1822.01315060314,0.00768134570095937,0.00881657246932885,0.00943922931838952,700.049385500285,12.8569764170312,887.138203028669,0.00362559517085282,6.61242935199664e-05,0.00459596075512386,1600.04456494599,0.00828768021949665,9887.72478444263
1,446127.2583,41197.81882,230912.7403,637907817,67404943.69,392909247.2,3306.696251,349.757892,2041.99305,83243.08734,7700.23923,43845.72567,152.7166532,14.71555055,76.09338568,40.21259872,5.327263948,30.44884456,2e+05,1,1429.87859435174,1636.12894130399,1701.54858796243,0.00741200226948787,0.00848971867972306,0.00884313722727927,674.902696534022,12.2709670597799,828.484007478907,0.00349846507119827,6.36728900979229e-05,0.00430572351596228,1515.65767107271,0.00786786147725847,9383.51914833118
